"Id","Latitude","Longitude","UTC","DeviceName","DeviceId","Message","recordingEffort","knots","DriftName","DeploymentSite","bearing","seadepth"
3508112810,29.46662,-116.00983,2018-11-06 03:44:42,"A","0-2569760","UNLIMITED-TRACK",FALSE,NA,"CCES_021","BCN",354.861329630512,2084
3508112811,29.46915,-116.01009,2018-11-06 04:14:42,"A","0-2569760","UNLIMITED-TRACK",TRUE,0.303465363371311,"CCES_021","BCN",28.6149914544599,2084
3508112812,29.47077,-116.00908,2018-11-06 04:42:52,"A","0-2569760","UNLIMITED-TRACK",TRUE,0.234810442084308,"CCES_021","BCN",32.3186460584799,2084
3508112813,29.47225,-116.00801,2018-11-06 05:11:14,"A","0-2569760","UNLIMITED-TRACK",TRUE,0.221265566240386,"CCES_021","BCN",35.2886459803595,2072
3508112814,29.47361,-116.00691,2018-11-06 05:42:35,"A","0-2569760","UNLIMITED-TRACK",TRUE,0.190475728934347,"CCES_021","BCN",34.1149635079894,2072
3508112815,29.47485,-116.00595,2018-11-06 06:12:25,"A","0-2569760","UNLIMITED-TRACK",TRUE,0.179927343199198,"CCES_021","BCN",44.0310597780978,2072
3508112816,29.47609,-116.00458,2018-11-06 06:42:25,"A","0-2569760","UNLIMITED-TRACK",TRUE,0.206042866773481,"CCES_021","BCN",45.890376605882,2075
3508112817,29.47704,-116.00346,2018-11-06 07:10:42,"A","0-2569760","UNLIMITED-TRACK",TRUE,0.172952345568213,"CCES_021","BCN",43.3920414644683,2075
3508112818,29.47791,-116.00252,2018-11-06 07:41:35,"A","0-2569760","UNLIMITED-TRACK",TRUE,0.138937947489994,"CCES_021","BCN",32.7164055174691,2075
3508112819,29.4787,-116.00194,2018-11-06 08:11:20,"A","0-2569760","UNLIMITED-TRACK",TRUE,0.11311559205568,"CCES_021","BCN",27.4390851035101,2075
3508112820,29.47961,-116.0014,2018-11-06 08:41:23,"A","0-2569760","UNLIMITED-TRACK",TRUE,0.122289735782613,"CCES_021","BCN",25.5130958932868,2075
3508112821,29.48038,-116.00098,2018-11-06 09:10:06,"A","0-2569760","UNLIMITED-TRACK",TRUE,0.106482387210404,"CCES_021","BCN",11.5015071142799,2075
3508112822,29.48124,-116.00078,2018-11-06 09:41:35,"A","0-2569760","UNLIMITED-TRACK",TRUE,0.0999054280889706,"CCES_021","BCN",2.9462974846906,2075
3508112823,29.48209,-116.00073,2018-11-06 10:09:48,"A","0-2569760","UNLIMITED-TRACK",TRUE,0.108105895450393,"CCES_021","BCN",357.386300858008,2075
3508112824,29.48324,-116.00079,2018-11-06 10:41:32,"A","0-2569760","UNLIMITED-TRACK",TRUE,0.13001574671496,"CCES_021","BCN",343.740881385295,2075
3508112825,29.48402,-116.00105,2018-11-06 11:09:43,"A","0-2569760","UNLIMITED-TRACK",TRUE,0.103321472001726,"CCES_021","BCN",337.242546109646,2075
3508112826,29.48475,-116.0014,2018-11-06 11:41:28,"A","0-2569760","UNLIMITED-TRACK",TRUE,0.0893592277176301,"CCES_021","BCN",340.711488849453,2075
3508112827,29.48555,-116.00172,2018-11-06 12:09:28,"A","0-2569760","UNLIMITED-TRACK",TRUE,0.108488373572196,"CCES_021","BCN",2.22683691392676,2075
3508112828,29.48645,-116.00168,2018-11-06 12:40:34,"A","0-2569760","UNLIMITED-TRACK",TRUE,0.10379398871847,"CCES_021","BCN",4.78836786708248,2075
3508112829,29.48739,-116.00159,2018-11-06 13:10:34,"A","0-2569760","UNLIMITED-TRACK",TRUE,0.11269043987616,"CCES_021","BCN",5.74758522191487,2075
3508112830,29.48852,-116.00146,2018-11-06 13:40:57,"A","0-2569760","UNLIMITED-TRACK",TRUE,0.133965812377522,"CCES_021","BCN",1.68447067124452,2075
3508112831,29.48971,-116.00142,2018-11-06 14:09:52,"A","0-2569760","UNLIMITED-TRACK",TRUE,0.147553202541249,"CCES_021","BCN",2.13206818751668,2075
3508112832,29.49112,-116.00136,2018-11-06 14:39:03,"A","0-2569760","UNLIMITED-TRACK",TRUE,0.173279525670582,"CCES_021","BCN",10.4641997861458,2075
3508112833,29.49292,-116.00098,2018-11-06 15:10:06,"A","0-2569760","UNLIMITED-TRACK",TRUE,0.211279364979767,"CCES_021","BCN",7.56629225236899,2088
3508112834,29.49483,-116.00069,2018-11-06 15:38:48,"A","0-2569760","UNLIMITED-TRACK",TRUE,0.240609032581079,"CCES_021","BCN",5.27334982878197,2088
3508112835,29.49701,-116.00046,2018-11-06 16:09:59,"A","0-2569760","UNLIMITED-TRACK",TRUE,0.251616234907777,"CCES_021","BCN",5.75507268346346,2088
3508112836,29.49918,-116.00021,2018-11-06 16:38:35,"A","0-2569760","UNLIMITED-TRACK",TRUE,0.273307191149535,"CCES_021","BCN",6.5446962722974,2088
3508112837,29.50162,-115.99989,2018-11-06 17:09:30,"A","0-2569760","UNLIMITED-TRACK",TRUE,0.284707961841892,"CCES_021","BCN",9.07395907365518,2088
3508112838,29.50403,-115.99945,2018-11-06 17:38:25,"A","0-2569760","UNLIMITED-TRACK",TRUE,0.302483204580908,"CCES_021","BCN",13.8395678644906,2088
3508112839,29.50648,-115.99876,2018-11-06 18:09:24,"A","0-2569760","UNLIMITED-TRACK",TRUE,0.291874396433701,"CCES_021","BCN",16.2553779495835,2088
3508112840,29.50834,-115.99814,2018-11-06 18:38:05,"A","0-2569760","UNLIMITED-TRACK",TRUE,0.242083475230468,"CCES_021","BCN",16.6725896077379,2082
3508112841,29.51018,-115.99751,2018-11-06 19:08:58,"A","0-2569760","UNLIMITED-TRACK",TRUE,0.222900068369785,"CCES_021","BCN",22.9892317150201,2082
3508112842,29.51185,-115.9967,2018-11-06 19:37:43,"A","0-2569760","UNLIMITED-TRACK",TRUE,0.226142487479977,"CCES_021","BCN",28.5143185151614,2082
3508112843,29.51346,-115.9957,2018-11-06 20:08:52,"A","0-2569760","UNLIMITED-TRACK",TRUE,0.210810874002602,"CCES_021","BCN",36.7854649680614,2082
3508112844,29.5147,-115.99464,2018-11-06 20:37:24,"A","0-2569760","UNLIMITED-TRACK",TRUE,0.194475651294371,"CCES_021","BCN",31.4775079439645,2082
3508112845,29.5159,-115.9938,2018-11-06 21:08:24,"A","0-2569760","UNLIMITED-TRACK",TRUE,0.162672521691655,"CCES_021","BCN",18.1591694828315,2082
3508112846,29.51702,-115.99338,2018-11-06 21:37:08,"A","0-2569760","UNLIMITED-TRACK",TRUE,0.147022493752405,"CCES_021","BCN",17.0372936390694,2082
3508112847,29.51839,-115.9929,2018-11-06 22:09:28,"A","0-2569760","UNLIMITED-TRACK",TRUE,0.158827108775583,"CCES_021","BCN",17.0959251106954,2082
3508112848,29.5193,-115.99258,2018-11-06 22:37:00,"A","0-2569760","UNLIMITED-TRACK",TRUE,0.123929176443095,"CCES_021","BCN",16.0784595865616,2082
3508112849,29.52018,-115.99229,2018-11-06 23:06:55,"A","0-2569760","UNLIMITED-TRACK",TRUE,0.10971427879296,"CCES_021","BCN",16.4153399074245,2082
3508112850,29.52113,-115.99197,2018-11-06 23:38:05,"A","0-2569760","UNLIMITED-TRACK",TRUE,0.113886211005733,"CCES_021","BCN",10.9422234961563,2082
3508112851,29.52208,-115.99176,2018-11-07 00:06:47,"A","0-2569760","UNLIMITED-TRACK",TRUE,0.120829957909846,"CCES_021","BCN",13.342782415092,2082
3508112852,29.52326,-115.99144,2018-11-07 00:37:36,"A","0-2569760","UNLIMITED-TRACK",TRUE,0.141040872272952,"CCES_021","BCN",24.5948568823827,2055
3508112853,29.52433,-115.99088,2018-11-07 01:07:28,"A","0-2569760","UNLIMITED-TRACK",TRUE,0.141210645211201,"CCES_021","BCN",7.56170563733139,2055
3508112854,29.52545,-115.99071,2018-11-07 01:37:28,"A","0-2569760","UNLIMITED-TRACK",TRUE,0.1349753944405,"CCES_021","BCN",3.30930464396073,1985
3508112855,29.52666,-115.99063,2018-11-07 02:06:16,"A","0-2569760","UNLIMITED-TRACK",TRUE,0.150828115858299,"CCES_021","BCN",7.26821269142261,1985
3508112856,29.5281,-115.99042,2018-11-07 02:37:28,"A","0-2569760","UNLIMITED-TRACK",TRUE,0.166754047792966,"CCES_021","BCN",11.1226386236695,1985
3508112857,29.52939,-115.99013,2018-11-07 03:05:49,"A","0-2569760","UNLIMITED-TRACK",TRUE,0.166202167544407,"CCES_021","BCN",8.19650016085236,1985
3508112858,29.53109,-115.98985,2018-11-07 03:38:21,"A","0-2569760","UNLIMITED-TRACK",TRUE,0.189210167410241,"CCES_021","BCN",4.44493447563951,1985
3508112859,29.53244,-115.98973,2018-11-07 04:05:31,"A","0-2569760","UNLIMITED-TRACK",TRUE,0.178636670351937,"CCES_021","BCN",6.5639363022876,1985
3508112860,29.53396,-115.98953,2018-11-07 04:35:25,"A","0-2569760","UNLIMITED-TRACK",TRUE,0.18339763203864,"CCES_021","BCN",0,1985
3508112861,29.5355,-115.98953,2018-11-07 05:07:04,"A","0-2569760","UNLIMITED-TRACK",TRUE,0.17438622580245,"CCES_021","BCN",1.99007834679023,1985
3508112862,29.53701,-115.98947,2018-11-07 05:35:11,"A","0-2569760","UNLIMITED-TRACK",TRUE,0.192592961814206,"CCES_021","BCN",2.5459283164522,1985
3508112863,29.53878,-115.98938,2018-11-07 06:06:35,"A","0-2569760","UNLIMITED-TRACK",TRUE,0.202226419783509,"CCES_021","BCN",6.94964170718524,1985
3508112864,29.54043,-115.98915,2018-11-07 06:34:53,"A","0-2569760","UNLIMITED-TRACK",TRUE,0.210506564859205,"CCES_021","BCN",4.60063225184614,1985
3508112865,29.54206,-115.989,2018-11-07 07:06:06,"A","0-2569760","UNLIMITED-TRACK",TRUE,0.187744946858204,"CCES_021","BCN",9.98091065269949,1907
3508112866,29.54365,-115.98868,2018-11-07 07:35:28,"A","0-2569760","UNLIMITED-TRACK",TRUE,0.197029534604849,"CCES_021","BCN",9.67484398405996,1907
3508112867,29.54524,-115.98837,2018-11-07 08:05:36,"A","0-2569760","UNLIMITED-TRACK",TRUE,0.191839051871225,"CCES_021","BCN",7.26691265269006,1907
3508112868,29.5462,-115.98823,2018-11-07 08:36:30,"A","0-2569760","UNLIMITED-TRACK",TRUE,0.112248660312872,"CCES_021","BCN",351.381860063175,1907
3508112869,29.5477,-115.98849,2018-11-07 09:06:30,"A","0-2569760","UNLIMITED-TRACK",TRUE,0.181245639480741,"CCES_021","BCN",0.379523054108777,1907
3508112870,29.54902,-115.98848,2018-11-07 09:34:04,"A","0-2569760","UNLIMITED-TRACK",TRUE,0.171618960711951,"CCES_021","BCN",356.152165323626,1907
3508112871,29.55019,-115.98857,2018-11-07 10:03:56,"A","0-2569760","UNLIMITED-TRACK",TRUE,0.140716608356117,"CCES_021","BCN",344.437679940263,1907
3508112872,29.55154,-115.989,2018-11-07 10:35:07,"A","0-2569760","UNLIMITED-TRACK",TRUE,0.161063986768689,"CCES_021","BCN",334.09217586411,1907
3508112873,29.5528,-115.9897,2018-11-07 11:05:21,"A","0-2569760","UNLIMITED-TRACK",TRUE,0.166054710560912,"CCES_021","BCN",336.224026355618,1907
3508112874,29.55409,-115.99035,2018-11-07 11:33:26,"A","0-2569760","UNLIMITED-TRACK",TRUE,0.17989776135697,"CCES_021","BCN",339.615732533814,1907
3508112875,29.55529,-115.99086,2018-11-07 12:03:26,"A","0-2569760","UNLIMITED-TRACK",TRUE,0.152936878226265,"CCES_021","BCN",343.530852712885,1907
3508112876,29.55668,-115.99133,2018-11-07 12:34:36,"A","0-2569760","UNLIMITED-TRACK",TRUE,0.166680616442835,"CCES_021","BCN",346.230089654454,1907
3508112877,29.558,-115.9917,2018-11-07 13:03:13,"A","0-2569760","UNLIMITED-TRACK",TRUE,0.170210546115936,"CCES_021","BCN",348.615775140093,1969
3508112878,29.55965,-115.99208,2018-11-07 13:34:06,"A","0-2569760","UNLIMITED-TRACK",TRUE,0.195324329034819,"CCES_021","BCN",342.206888785929,1935
3508112879,29.56123,-115.99266,2018-11-07 14:03:03,"A","0-2569760","UNLIMITED-TRACK",TRUE,0.205429584201053,"CCES_021","BCN",343.51657382247,1935
3508112880,29.56318,-115.99332,2018-11-07 14:34:06,"A","0-2569760","UNLIMITED-TRACK",TRUE,0.2347286949557,"CCES_021","BCN",342.31874391635,1935
3508112881,29.56499,-115.99398,2018-11-07 15:04:05,"A","0-2569760","UNLIMITED-TRACK",TRUE,0.227081746098833,"CCES_021","BCN",348.013581205618,1935
3508112882,29.56709,-115.99449,2018-11-07 15:34:05,"A","0-2569760","UNLIMITED-TRACK",TRUE,0.256471552113671,"CCES_021","BCN",349.197010025915,1935
3508112883,29.56906,-115.99492,2018-11-07 16:02:36,"A","0-2569760","UNLIMITED-TRACK",TRUE,0.252058176723099,"CCES_021","BCN",352.757511086585,1935
3508112884,29.57133,-115.99525,2018-11-07 16:34:06,"A","0-2569760","UNLIMITED-TRACK",TRUE,0.260352526103069,"CCES_021","BCN",356.711608396437,1935
3508112885,29.57346,-115.99539,2018-11-07 17:02:13,"A","0-2569760","UNLIMITED-TRACK",TRUE,0.271956282175739,"CCES_021","BCN",0,1935
3508112886,29.57574,-115.99539,2018-11-07 17:33:28,"A","0-2569760","UNLIMITED-TRACK",TRUE,0.26148850718213,"CCES_021","BCN",1.67829622914365,1943
3508112887,29.57753,-115.99533,2018-11-07 18:01:51,"A","0-2569760","UNLIMITED-TRACK",TRUE,0.226122558795131,"CCES_021","BCN",7.57678291957227,1943
3508112888,29.57937,-115.99505,2018-11-07 18:32:24,"A","0-2569760","UNLIMITED-TRACK",TRUE,0.21776253494125,"CCES_021","BCN",10.9227446092972,1943
3508112889,29.58091,-115.99471,2018-11-07 19:02:24,"A","0-2569760","UNLIMITED-TRACK",TRUE,0.187373314287292,"CCES_021","BCN",6.01593996423938,1943
3508112890,29.58232,-115.99454,2018-11-07 19:32:28,"A","0-2569760","UNLIMITED-TRACK",TRUE,0.169005356675253,"CCES_021","BCN",1.1645011819884,1943
3508112891,29.58361,-115.99451,2018-11-07 20:03:05,"A","0-2569760","UNLIMITED-TRACK",TRUE,0.151039256427342,"CCES_021","BCN",3.50997967497799,1943
3508112892,29.58475,-115.99443,2018-11-07 20:32:55,"A","0-2569760","UNLIMITED-TRACK",TRUE,0.13721036631521,"CCES_021","BCN",4.36738780987992,1943
3508112893,29.58578,-115.99434,2018-11-07 21:01:09,"A","0-2569760","UNLIMITED-TRACK",TRUE,0.131131332360613,"CCES_021","BCN",2.57964064495633,1943
3508112894,29.58675,-115.99429,2018-11-07 21:32:58,"A","0-2569760","UNLIMITED-TRACK",TRUE,0.109376980614598,"CCES_021","BCN",4.72640523688847,1943
3508112895,29.58749,-115.99422,2018-11-07 22:00:58,"A","0-2569760","UNLIMITED-TRACK",TRUE,0.0950433260264697,"CCES_021","BCN",355.142960238219,1943
3508112896,29.58821,-115.99429,2018-11-07 22:30:50,"A","0-2569760","UNLIMITED-TRACK",TRUE,0.0867115065680578,"CCES_021","BCN",338.22060723676,1943
3508112897,29.58856,-115.99445,2018-11-07 22:49:33,"A","0-2569760","UNLIMITED-TRACK",TRUE,0.0721723122040206,"CCES_021","BCN",334.325808338875,1943
3508112898,29.58876,-115.99456,2018-11-07 23:02:00,"A","0-2569760","UNLIMITED-TRACK",TRUE,0.0638812544781192,"CCES_021","BCN",337.849928256316,1943
3508112899,29.58949,-115.9949,2018-11-07 23:32:00,"A","0-2569760","UNLIMITED-TRACK",TRUE,0.0941599152324322,"CCES_021","BCN",336.661100356406,1943
3508112900,29.59028,-115.99529,2018-11-08 00:02:24,"A","0-2569760","UNLIMITED-TRACK",TRUE,0.101436883839196,"CCES_021","BCN",328.5808823609,1943
3508112901,29.59121,-115.99594,2018-11-08 00:30:36,"A","0-2569760","UNLIMITED-TRACK",TRUE,0.138504069645222,"CCES_021","BCN",328.276156301646,1943
3508112902,29.59244,-115.99681,2018-11-08 01:02:15,"A","0-2569760","UNLIMITED-TRACK",TRUE,0.163749443969183,"CCES_021","BCN",331.355017153704,1976
3508112903,29.59372,-115.99761,2018-11-08 01:31:37,"A","0-2569760","UNLIMITED-TRACK",TRUE,0.178002090391425,"CCES_021","BCN",335.428210030273,1976
3508112904,29.59523,-115.9984,2018-11-08 02:00:22,"A","0-2569760","UNLIMITED-TRACK",TRUE,0.206982842334411,"CCES_021","BCN",338.249135753454,1976
3508112905,29.59707,-115.99924,2018-11-08 02:31:37,"A","0-2569760","UNLIMITED-TRACK",TRUE,0.227202737577549,"CCES_021","BCN",346.897350008301,1976
3508112906,29.59906,-115.99977,2018-11-08 03:00:17,"A","0-2569760","UNLIMITED-TRACK",TRUE,0.25544762034507,"CCES_021","BCN",355.437915538449,1976
3508112907,29.60136,-115.99998,2018-11-08 03:32:05,"A","0-2569760","UNLIMITED-TRACK",TRUE,0.260044905569298,"CCES_021","BCN",358.887463789013,1976
3508112908,29.60361,-116.00003,2018-11-08 04:00:21,"A","0-2569760","UNLIMITED-TRACK",TRUE,0.285337864057672,"CCES_021","BCN",3.95175756440145,1976
3508112909,29.60614,-115.99983,2018-11-08 04:31:37,"A","0-2569760","UNLIMITED-TRACK",TRUE,0.290698319086601,"CCES_021","BCN",9.20852401124203,1976
3508112910,29.60835,-115.99942,2018-11-08 05:00:07,"A","0-2569760","UNLIMITED-TRACK",TRUE,0.281546944402728,"CCES_021","BCN",4.93002041871974,2001
3508112911,29.61068,-115.99919,2018-11-08 05:32:25,"A","0-2569760","UNLIMITED-TRACK",TRUE,0.259497510347545,"CCES_021","BCN",356.755950215892,2001
3508112912,29.61253,-115.99931,2018-11-08 05:59:45,"A","0-2569760","UNLIMITED-TRACK",TRUE,0.242966187495719,"CCES_021","BCN",353.519337342054,2001
3508112913,29.61453,-115.99957,2018-11-08 06:29:38,"A","0-2569760","UNLIMITED-TRACK",TRUE,0.241410071808992,"CCES_021","BCN",358.483264996969,2001
3508112914,29.61651,-115.99963,2018-11-08 07:00:59,"A","0-2569760","UNLIMITED-TRACK",TRUE,0.226438513620408,"CCES_021","BCN",358.553397602642,2001
3508112915,29.61824,-115.99968,2018-11-08 07:28:42,"A","0-2569760","UNLIMITED-TRACK",TRUE,0.223776318871959,"CCES_021","BCN",351.4812116563,2001
3508112916,29.61964,-115.99992,2018-11-08 08:00:52,"A","0-2569760","UNLIMITED-TRACK",TRUE,0.157728719784291,"CCES_021","BCN",349.011892889131,2001
3508112917,29.6209,-116.0002,2018-11-08 08:28:42,"A","0-2569760","UNLIMITED-TRACK",TRUE,0.165276880680252,"CCES_021","BCN",348.637262393945,2001
3508112918,29.6219,-116.00043,2018-11-08 08:58:35,"A","0-2569760","UNLIMITED-TRACK",TRUE,0.122331641996303,"CCES_021","BCN",330.800598040691,2001
3508112919,29.62301,-116.00114,2018-11-08 09:29:37,"A","0-2569760","UNLIMITED-TRACK",TRUE,0.146854817890439,"CCES_021","BCN",336.99351169451,2001
3508112920,29.62408,-116.00166,2018-11-08 09:58:30,"A","0-2569760","UNLIMITED-TRACK",TRUE,0.144245628719188,"CCES_021","BCN",336.236543455795,2001
3508112921,29.62535,-116.0023,2018-11-08 10:30:23,"A","0-2569760","UNLIMITED-TRACK",TRUE,0.155986702477417,"CCES_021","BCN",336.778467480455,1917
3508112922,29.62647,-116.00285,2018-11-08 10:58:20,"A","0-2569760","UNLIMITED-TRACK",TRUE,0.156278170510567,"CCES_021","BCN",338.016054824696,1917
3508112923,29.62792,-116.00352,2018-11-08 11:29:24,"A","0-2569760","UNLIMITED-TRACK",TRUE,0.180397314482913,"CCES_021","BCN",333.239850349637,1917
3508112924,29.62941,-116.00438,2018-11-08 11:59:30,"A","0-2569760","UNLIMITED-TRACK",TRUE,0.198696160018381,"CCES_021","BCN",331.176562860488,1917
3508112925,29.63095,-116.00535,2018-11-08 12:29:30,"A","0-2569760","UNLIMITED-TRACK",TRUE,0.20999718627241,"CCES_021","BCN",334.986163797704,1917
3508112926,29.63271,-116.00629,2018-11-08 12:59:30,"A","0-2569760","UNLIMITED-TRACK",TRUE,0.232026170402594,"CCES_021","BCN",339.539006235966,1917
3508112927,29.63463,-116.00711,2018-11-08 13:27:41,"A","0-2569760","UNLIMITED-TRACK",TRUE,0.260605177182291,"CCES_021","BCN",327.416993373147,1917
3508112928,29.63653,-116.0085,2018-11-08 13:59:06,"A","0-2569760","UNLIMITED-TRACK",TRUE,0.25724042385472,"CCES_021","BCN",330.037513618602,2062
3508112929,29.6385,-116.0098,2018-11-08 14:27:22,"A","0-2569760","UNLIMITED-TRACK",TRUE,0.288317004995342,"CCES_021","BCN",331.52735377084,2062
3508112930,29.6409,-116.01129,2018-11-08 14:59:29,"A","0-2569760","UNLIMITED-TRACK",TRUE,0.304679560049069,"CCES_021","BCN",333.607560410839,2062
3508112931,29.64303,-116.0125,2018-11-08 15:27:19,"A","0-2569760","UNLIMITED-TRACK",TRUE,0.30618998518334,"CCES_021","BCN",343.074883291556,2026
3508112932,29.64547,-116.01335,2018-11-08 15:57:23,"A","0-2569760","UNLIMITED-TRACK",TRUE,0.304024040254687,"CCES_021","BCN",348.049339076133,2026
3508112933,29.64807,-116.01398,2018-11-08 16:28:30,"A","0-2569760","UNLIMITED-TRACK",TRUE,0.306104221856964,"CCES_021","BCN",353.094357087805,2026
3508112934,29.65045,-116.01431,2018-11-08 16:57:07,"A","0-2569760","UNLIMITED-TRACK",TRUE,0.30025671483884,"CCES_021","BCN",351.683903734868,2026
3508112935,29.6529,-116.01472,2018-11-08 17:29:04,"A","0-2569760","UNLIMITED-TRACK",TRUE,0.277753066564471,"CCES_021","BCN",348.25204329534,2026
3508112936,29.65479,-116.01517,2018-11-08 17:56:49,"A","0-2569760","UNLIMITED-TRACK",TRUE,0.249325029410702,"CCES_021","BCN",348.927915444786,2026
3508112937,29.65662,-116.01558,2018-11-08 18:26:40,"A","0-2569760","UNLIMITED-TRACK",TRUE,0.223892726992097,"CCES_021","BCN",357.703345889436,2026
3508112938,29.65858,-116.01567,2018-11-08 18:58:22,"A","0-2569760","UNLIMITED-TRACK",TRUE,0.221778287834954,"CCES_021","BCN",2.74410736982003,1848
3508112939,29.66022,-116.01558,2018-11-08 19:26:23,"A","0-2569760","UNLIMITED-TRACK",TRUE,0.210038550788411,"CCES_021","BCN",7.11199815089069,1848
3508112940,29.66169,-116.01537,2018-11-08 19:55:54,"A","0-2569760","UNLIMITED-TRACK",TRUE,0.179877929019115,"CCES_021","BCN",13.4672018823314,1848
3508112941,29.66293,-116.01503,2018-11-08 20:25:54,"A","0-2569760","UNLIMITED-TRACK",TRUE,0.152329137858237,"CCES_021","BCN",14.1605099425755,1848
3508112942,29.66383,-116.01477,2018-11-08 20:55:54,"A","0-2569760","UNLIMITED-TRACK",TRUE,0.110890926033387,"CCES_021","BCN",21.9951751748386,1848
3508112943,29.66463,-116.0144,2018-11-08 21:28:29,"A","0-2569760","UNLIMITED-TRACK",TRUE,0.0949047115818131,"CCES_021","BCN",13.1666615047535,1848
3508112944,29.66519,-116.01425,2018-11-08 21:55:19,"A","0-2569760","UNLIMITED-TRACK",TRUE,0.0768169070335624,"CCES_021","BCN",0,1848
3508112945,29.66583,-116.01425,2018-11-08 22:25:19,"A","0-2569760","UNLIMITED-TRACK",TRUE,0.0764596763708312,"CCES_021","BCN",5.44236210364343,1848
3508112946,29.66638,-116.01419,2018-11-08 22:49:36,"A","0-2569760","UNLIMITED-TRACK",TRUE,0.0815436881952648,"CCES_021","BCN",0,1848
3508112947,29.6665,-116.01419,2018-11-08 22:55:06,"A","0-2569760","UNLIMITED-TRACK",TRUE,0.0781974072714717,"CCES_021","BCN",358.025579450236,1848
3508112948,29.66726,-116.01422,2018-11-08 23:26:22,"A","0-2569760","UNLIMITED-TRACK",TRUE,0.0871693384950725,"CCES_021","BCN",355.00886254014,1848
3508112949,29.66816,-116.01431,2018-11-08 23:56:22,"A","0-2569760","UNLIMITED-TRACK",TRUE,0.10793071445971,"CCES_021","BCN",352.045502469242,1848
3508112950,29.66916,-116.01447,2018-11-09 00:24:37,"A","0-2569760","UNLIMITED-TRACK",TRUE,0.128101561566427,"CCES_021","BCN",346.566385510083,1848
3508112951,29.67033,-116.01479,2018-11-09 00:56:29,"A","0-2569760","UNLIMITED-TRACK",TRUE,0.135291766664794,"CCES_021","BCN",330.50903411231,1848
3508112952,29.67138,-116.01547,2018-11-09 01:24:25,"A","0-2569760","UNLIMITED-TRACK",TRUE,0.154776788810733,"CCES_021","BCN",326.570323141837,1848
3508112953,29.67265,-116.01643,2018-11-09 01:54:22,"A","0-2569760","UNLIMITED-TRACK",TRUE,0.182105605644232,"CCES_021","BCN",331.572154737777,1848
3508112954,29.67436,-116.01749,2018-11-09 02:25:30,"A","0-2569760","UNLIMITED-TRACK",TRUE,0.223846759329205,"CCES_021","BCN",337.249986934634,1848
3508112955,29.67638,-116.01846,2018-11-09 02:54:14,"A","0-2569760","UNLIMITED-TRACK",TRUE,0.27322156236155,"CCES_021","BCN",344.668800740784,1745
3508112956,29.67896,-116.01927,2018-11-09 03:25:58,"A","0-2569760","UNLIMITED-TRACK",TRUE,0.302145159923544,"CCES_021","BCN",347.832838209733,1745
3508112957,29.68139,-116.01987,2018-11-09 03:56:22,"A","0-2569760","UNLIMITED-TRACK",TRUE,0.293072110801493,"CCES_021","BCN",350.414765675278,1745
3508112958,29.68351,-116.02028,2018-11-09 04:23:56,"A","0-2569760","UNLIMITED-TRACK",TRUE,0.279532622206512,"CCES_021","BCN",352.256089209302,1745
3508112959,29.68595,-116.02066,2018-11-09 04:55:52,"A","0-2569760","UNLIMITED-TRACK",TRUE,0.276375477053175,"CCES_021","BCN",357.183791195962,1745
3508112960,29.68808,-116.02078,2018-11-09 05:23:38,"A","0-2569760","UNLIMITED-TRACK",TRUE,0.275268070422522,"CCES_021","BCN",0,1745
3508112961,29.69022,-116.02078,2018-11-09 05:53:29,"A","0-2569760","UNLIMITED-TRACK",TRUE,0.256947694136659,"CCES_021","BCN",354.37419731251,1745
3508112962,29.69217,-116.021,2018-11-09 06:25:05,"A","0-2569760","UNLIMITED-TRACK",TRUE,0.222238802093354,"CCES_021","BCN",355.189637311551,1623
3508112963,29.69383,-116.02116,2018-11-09 06:54:59,"A","0-2569760","UNLIMITED-TRACK",TRUE,0.199684739658538,"CCES_021","BCN",351.61471888863,1623
3508112964,29.69537,-116.02142,2018-11-09 07:24:59,"A","0-2569760","UNLIMITED-TRACK",TRUE,0.18596998624159,"CCES_021","BCN",341.137850698967,1623
3508112965,29.69675,-116.02196,2018-11-09 07:52:53,"A","0-2569760","UNLIMITED-TRACK",TRUE,0.187336553006167,"CCES_021","BCN",334.396228717133,1623
3508112966,29.69808,-116.02269,2018-11-09 08:22:44,"A","0-2569760","UNLIMITED-TRACK",TRUE,0.177080848229544,"CCES_021","BCN",335.874126502875,1623
3508112967,29.69962,-116.02348,2018-11-09 08:54:58,"A","0-2569760","UNLIMITED-TRACK",TRUE,0.18762382170138,"CCES_021","BCN",337.786981431323,1623
3508112968,29.70086,-116.02406,2018-11-09 09:22:30,"A","0-2569760","UNLIMITED-TRACK",TRUE,0.174352969444751,"CCES_021","BCN",332.908435052343,1623
3508112969,29.70214,-116.02481,2018-11-09 09:54:00,"A","0-2569760","UNLIMITED-TRACK",TRUE,0.163587337711462,"CCES_021","BCN",329.066803332217,1623
3508112970,29.70332,-116.02562,2018-11-09 10:24:51,"A","0-2569760","UNLIMITED-TRACK",TRUE,0.159821235132708,"CCES_021","BCN",326.938827280264,1865
3508112971,29.70446,-116.02647,2018-11-09 10:52:30,"A","0-2569760","UNLIMITED-TRACK",TRUE,0.176318172814364,"CCES_021","BCN",323.154986425413,1865
3508112972,29.70566,-116.0275,2018-11-09 11:22:30,"A","0-2569760","UNLIMITED-TRACK",TRUE,0.179145698646511,"CCES_021","BCN",320.494927747894,1865
3508112973,29.70692,-116.02869,2018-11-09 11:53:57,"A","0-2569760","UNLIMITED-TRACK",TRUE,0.186103178293505,"CCES_021","BCN",315.745770785965,1865
3508112974,29.70804,-116.02994,2018-11-09 12:21:25,"A","0-2569760","UNLIMITED-TRACK",TRUE,0.204044993813569,"CCES_021","BCN",319.925001426154,1865
3508112975,29.70942,-116.03127,2018-11-09 12:51:08,"A","0-2569760","UNLIMITED-TRACK",TRUE,0.217511060414012,"CCES_021","BCN",326.63702631857,1625
3508112976,29.71117,-116.03259,2018-11-09 13:22:53,"A","0-2569760","UNLIMITED-TRACK",TRUE,0.236526801223384,"CCES_021","BCN",330.947740970904,1625
3508112977,29.71304,-116.03378,2018-11-09 13:50:54,"A","0-2569760","UNLIMITED-TRACK",TRUE,0.273655213752987,"CCES_021","BCN",327.621363557515,1625
3508112978,29.71516,-116.03532,2018-11-09 14:20:48,"A","0-2569760","UNLIMITED-TRACK",TRUE,0.300905103888923,"CCES_021","BCN",322.988810012668,1625
3508112979,29.71736,-116.03722,2018-11-09 14:52:22,"A","0-2569760","UNLIMITED-TRACK",TRUE,0.312816048159949,"CCES_021","BCN",326.267863570464,1625
3508112980,29.71953,-116.03888,2018-11-09 15:20:30,"A","0-2569760","UNLIMITED-TRACK",TRUE,0.332415303162425,"CCES_021","BCN",334.426459994436,1625
3508112981,29.72212,-116.0403,2018-11-09 15:51:59,"A","0-2569760","UNLIMITED-TRACK",TRUE,0.326870529897187,"CCES_021","BCN",345.422113950136,1625
3508112982,29.72457,-116.04103,2018-11-09 16:20:00,"A","0-2569760","UNLIMITED-TRACK",TRUE,0.323846363726985,"CCES_021","BCN",349.834981190961,1625
3508112983,29.72715,-116.04156,2018-11-09 16:51:17,"A","0-2569760","UNLIMITED-TRACK",TRUE,0.300300123520158,"CCES_021","BCN",353.16081403748,1179
3508112984,29.73188,-116.04221,2018-11-09 17:51:05,"A","0-2569760","UNLIMITED-TRACK",TRUE,0.285521881901194,"CCES_021","BCN",355.574884151075,1373
3508112985,29.73391,-116.04239,2018-11-09 18:19:30,"A","0-2569760","UNLIMITED-TRACK",TRUE,0.256801551408559,"CCES_021","BCN",355.172360261228,1373
3508112986,29.73577,-116.04257,2018-11-09 18:50:53,"A","0-2569760","UNLIMITED-TRACK",TRUE,0.213174690723764,"CCES_021","BCN",352.299711501505,1373
3508112987,29.73719,-116.04279,2018-11-09 19:20:35,"A","0-2569760","UNLIMITED-TRACK",TRUE,0.172919650172441,"CCES_021","BCN",0,1373
3508112988,29.73865,-116.04279,2018-11-09 19:50:35,"A","0-2569760","UNLIMITED-TRACK",TRUE,0.174425545201199,"CCES_021","BCN",6.58270941944292,1373
3508112989,29.73986,-116.04263,2018-11-09 20:19:03,"A","0-2569760","UNLIMITED-TRACK",TRUE,0.153355717226957,"CCES_021","BCN",19.8437639559636,1373
3508112990,29.74119,-116.04208,2018-11-09 20:50:07,"A","0-2569760","UNLIMITED-TRACK",TRUE,0.163125176747534,"CCES_021","BCN",17.9595005111168,1373
3508112991,29.74189,-116.04182,2018-11-09 21:21:00,"A","0-2569760","UNLIMITED-TRACK",TRUE,0.085397824182978,"CCES_021","BCN",335.96147798306,1117
3508112992,29.74234,-116.04205,2018-11-09 21:50:33,"A","0-2569760","UNLIMITED-TRACK",TRUE,0.0597632137158354,"CCES_021","BCN",343.780765286382,1117
3508112993,29.74276,-116.04219,2018-11-09 22:18:26,"A","0-2569760","UNLIMITED-TRACK",TRUE,0.0562240051623081,"CCES_021","BCN",350.310776215526,1117
3508112994,29.74322,-116.04228,2018-11-09 22:52:07,"A","0-2569760","UNLIMITED-TRACK",TRUE,0.0496548162581395,"CCES_021","BCN",303.217121307505,1117
3508112995,29.74342,-116.04263,2018-11-09 23:20:06,"A","0-2569760","UNLIMITED-TRACK",TRUE,0.0467603626132229,"CCES_021","BCN",298.770586087142,1117
3508112996,29.74365,-116.04311,2018-11-09 23:48:03,"A","0-2569760","UNLIMITED-TRACK",TRUE,0.0612783815799239,"CCES_021","BCN",303.217303015871,1117
3508112997,29.74397,-116.04367,2018-11-10 00:19:29,"A","0-2569760","UNLIMITED-TRACK",TRUE,0.0666047791395282,"CCES_021","BCN",288.670277664192,1117
3508112998,29.7442,-116.04445,2018-11-10 00:47:40,"A","0-2569760","UNLIMITED-TRACK",TRUE,0.0913700286068777,"CCES_021","BCN",299.156627524184,1117
3508112999,29.74457,-116.04521,2018-11-10 01:19:01,"A","0-2569760","UNLIMITED-TRACK",TRUE,0.0868239442097298,"CCES_021","BCN",301.1805816851,1117
3508113000,29.74504,-116.0461,2018-11-10 01:47:20,"A","0-2569760","UNLIMITED-TRACK",TRUE,0.114902151511761,"CCES_021","BCN",311.826297453475,1117
3508113001,29.74586,-116.04715,2018-11-10 02:18:05,"A","0-2569760","UNLIMITED-TRACK",TRUE,0.14331966130115,"CCES_021","BCN",322.137189073629,1117
3508113002,29.74696,-116.04813,2018-11-10 02:47:04,"A","0-2569760","UNLIMITED-TRACK",TRUE,0.17229879914466,"CCES_021","BCN",328.969699858707,1117
3508113003,29.74828,-116.04904,2018-11-10 03:18:20,"A","0-2569760","UNLIMITED-TRACK",TRUE,0.17658141391474,"CCES_021","BCN",325.223880397343,1117
3508113004,29.7497,-116.05017,2018-11-10 03:46:41,"A","0-2569760","UNLIMITED-TRACK",TRUE,0.218558722497157,"CCES_021","BCN",325.965033112068,1117
3508113005,29.75147,-116.05154,2018-11-10 04:18:01,"A","0-2569760","UNLIMITED-TRACK",TRUE,0.244316279627042,"CCES_021","BCN",329.877902285647,1117
3508113006,29.75338,-116.05281,2018-11-10 04:46:20,"A","0-2569760","UNLIMITED-TRACK",TRUE,0.279496953451928,"CCES_021","BCN",331.806225968689,1117
3598222761,29.75561,-116.05418,2018-11-10 05:17:00,"A","0-2569760",NA,TRUE,0.295711678514432,"CCES_021","BCN",331.92239937268,1117
3598222771,29.75772,-116.05547,2018-11-10 05:46:00,"A","0-2569760",NA,TRUE,0.295558741255327,"CCES_021","BCN",337.058781227207,1117
3598222784,29.76007,-116.05661,2018-11-10 06:17:00,"A","0-2569760",NA,TRUE,0.295033955921576,"CCES_021","BCN",341.64435176136,1062
3598222795,29.7622,-116.05742,2018-11-10 06:45:00,"A","0-2569760",NA,TRUE,0.287263822657684,"CCES_021","BCN",350.018499120981,1062
3598222808,29.76453,-116.05789,2018-11-10 07:17:00,"A","0-2569760",NA,TRUE,0.264978170674991,"CCES_021","BCN",348.200626511229,1062
3598222820,29.76666,-116.0584,2018-11-10 07:45:00,"A","0-2569760",NA,TRUE,0.278533365331709,"CCES_021","BCN",348.515438094985,1377
3598222831,29.76885,-116.05891,2018-11-10 08:15:00,"A","0-2569760",NA,TRUE,0.26698508791938,"CCES_021","BCN",345.496377380152,1377
3598222841,29.77057,-116.05942,2018-11-10 08:45:00,"A","0-2569760",NA,TRUE,0.212252848807856,"CCES_021","BCN",39.1359633048348,1377
3598222852,29.7728,-116.05734,2018-11-10 09:15:00,"A","0-2569760",NA,TRUE,0.343480022737135,"CCES_021","BCN",293.118766457587,1062
3598222863,29.77407,-116.06075,2018-11-10 09:46:00,"A","0-2569760",NA,TRUE,0.373977213888753,"CCES_021","BCN",345.957054700122,1377
3598222873,29.7755,-116.06116,2018-11-10 10:15:00,"A","0-2569760",NA,TRUE,0.182178161468849,"CCES_021","BCN",337.848448168303,1192
3598222883,29.777,-116.06186,2018-11-10 10:46:00,"A","0-2569760",NA,TRUE,0.187245391773682,"CCES_021","BCN",337.639850173234,1192
3598222893,29.77823,-116.06244,2018-11-10 11:15:00,"A","0-2569760",NA,TRUE,0.164374990972995,"CCES_021","BCN",339.64143955684,1192
3598222903,29.77957,-116.06301,2018-11-10 11:45:00,"A","0-2569760",NA,TRUE,0.170756861770981,"CCES_021","BCN",339.016780303569,1192
3598222914,29.78073,-116.06352,2018-11-10 12:15:00,"A","0-2569760",NA,TRUE,0.148428679726791,"CCES_021","BCN",337.657277896594,1192
3598222925,29.78177,-116.06401,2018-11-10 12:46:00,"A","0-2569760",NA,TRUE,0.130000830322099,"CCES_021","BCN",324.222949992502,1192
3598222933,29.78246,-116.06458,2018-11-10 13:14:00,"A","0-2569760",NA,TRUE,0.108866130490374,"CCES_021","BCN",323.164888778012,1192
3598222943,29.78338,-116.06537,2018-11-10 13:45:00,"A","0-2569760",NA,TRUE,0.132898804087833,"CCES_021","BCN",322.646739119073,1192
3598222953,29.78442,-116.06628,2018-11-10 14:14:00,"A","0-2569760",NA,TRUE,0.161696378773036,"CCES_021","BCN",326.740776191441,1192
3598222965,29.78575,-116.06728,2018-11-10 14:46:00,"A","0-2569760",NA,TRUE,0.178145732633668,"CCES_021","BCN",334.755984982047,1192
3598222974,29.78723,-116.06808,2018-11-10 15:14:00,"A","0-2569760",NA,TRUE,0.209448689338783,"CCES_021","BCN",329.752887632672,1192
3598222984,29.78904,-116.06929,2018-11-10 15:45:00,"A","0-2569760",NA,TRUE,0.242245759118397,"CCES_021","BCN",333.921571950073,1192
3598222994,29.79084,-116.0703,2018-11-10 16:13:00,"A","0-2569760",NA,TRUE,0.256523745368169,"CCES_021","BCN",342.655030106897,1192
3598223005,29.79313,-116.07112,2018-11-10 16:44:00,"A","0-2569760",NA,TRUE,0.277375467138992,"CCES_021","BCN",341.275229514186,840
3598223017,29.79524,-116.07194,2018-11-10 17:14:00,"A","0-2569760",NA,TRUE,0.266171226063054,"CCES_021","BCN",343.518981200872,840
3598223028,29.79751,-116.07271,2018-11-10 17:44:00,"A","0-2569760",NA,TRUE,0.282818493607222,"CCES_021","BCN",344.887015287922,840
3598223039,29.79948,-116.07332,2018-11-10 18:13:00,"A","0-2569760",NA,TRUE,0.252195660056489,"CCES_021","BCN",349.739799510315,840
3598223051,29.8016,-116.07376,2018-11-10 18:44:00,"A","0-2569760",NA,TRUE,0.249090892450286,"CCES_021","BCN",355.317149107133,840
3598223063,29.80341,-116.07393,2018-11-10 19:13:00,"A","0-2569760",NA,TRUE,0.22444787264628,"CCES_021","BCN",4.13226844986511,840
3598223075,29.8051,-116.07379,2018-11-10 19:44:00,"A","0-2569760",NA,TRUE,0.195901768931715,"CCES_021","BCN",1.18018924209183,840
3598223087,29.80637,-116.07376,2018-11-10 20:12:00,"A","0-2569760",NA,TRUE,0.162600087338984,"CCES_021","BCN",11.7513393216877,840
3598223099,29.80746,-116.0735,2018-11-10 20:43:00,"A","0-2569760",NA,TRUE,0.128720339566257,"CCES_021","BCN",9.00998321971052,840
3598223110,29.80823,-116.07336,2018-11-10 21:12:00,"A","0-2569760",NA,TRUE,0.0963535937917161,"CCES_021","BCN",3.16928131779254,840
3598223122,29.80886,-116.07332,2018-11-10 21:43:00,"A","0-2569760",NA,TRUE,0.0729502408480106,"CCES_021","BCN",25.6945660808771,573
3598223134,29.80944,-116.073,2018-11-10 22:12:00,"A","0-2569760",NA,TRUE,0.0795484497021406,"CCES_021","BCN",46.6401866979179,573
3598223146,29.80972,-116.07266,2018-11-10 22:43:00,"A","0-2569760",NA,TRUE,0.0471509558741538,"CCES_021","BCN",60.1726391011723,573
3598223149,29.80974,-116.07262,2018-11-10 22:50:00,"A","0-2569760",NA,TRUE,0.0205882642525009,"CCES_021","BCN",62.1105325734655,573
3598223159,29.8098,-116.07249,2018-11-10 23:13:00,"A","0-2569760",NA,TRUE,0.019988361105814,"CCES_021","BCN",103.571844660511,573
3598223171,29.80976,-116.0723,2018-11-10 23:43:00,"A","0-2569760",NA,TRUE,0.0203644715310185,"CCES_021","BCN",161.890608519828,573
3598223179,29.8096,-116.07224,2018-11-11 00:11:00,"A","0-2569760",NA,TRUE,0.0215481050053652,"CCES_021","BCN",182.773768112004,573
3598223192,29.80942,-116.07225,2018-11-11 00:42:00,"A","0-2569760",NA,TRUE,0.0208354613937882,"CCES_021","BCN",206.130234882874,573
3598223204,29.80926,-116.07234,2018-11-11 01:11:00,"A","0-2569760",NA,TRUE,0.0220256005210619,"CCES_021","BCN",167.700694175232,573
3598223217,29.80898,-116.07227,2018-11-11 01:42:00,"A","0-2569760",NA,TRUE,0.0331332095423746,"CCES_021","BCN",258.223440163236,573
3598223228,29.80892,-116.0726,2018-11-11 02:11:00,"A","0-2569760",NA,TRUE,0.0363328816035852,"CCES_021","BCN",318.908707929743,573
3598223241,29.80915,-116.07283,2018-11-11 02:43:00,"A","0-2569760",NA,TRUE,0.0341809425219578,"CCES_021","BCN",295.771799202917,573
3598223247,29.80931,-116.07321,2018-11-11 03:11:00,"A","0-2569760",NA,TRUE,0.0471052319735294,"CCES_021","BCN",317.485256352331,573
3598223258,29.8097,-116.07362,2018-11-11 03:41:00,"A","0-2569760",NA,TRUE,0.063211893530116,"CCES_021","BCN",339.912019574265,573
3598223271,29.81032,-116.07388,2018-11-11 04:12:00,"A","0-2569760",NA,TRUE,0.0763257163320963,"CCES_021","BCN",328.841345270704,573
3598223281,29.81107,-116.0744,2018-11-11 04:40:00,"A","0-2569760",NA,TRUE,0.112187986386102,"CCES_021","BCN",322.78197350976,573
3598223293,29.812,-116.07521,2018-11-11 05:12:00,"A","0-2569760",NA,TRUE,0.130803423562254,"CCES_021","BCN",334.306289041482,724
3598223304,29.81316,-116.07585,2018-11-11 05:41:00,"A","0-2569760",NA,TRUE,0.159095945873705,"CCES_021","BCN",332.151786439657,724
3598223316,29.81453,-116.07668,2018-11-11 06:11:00,"A","0-2569760",NA,TRUE,0.185113844309621,"CCES_021","BCN",336.138607343142,724
3598223327,29.81591,-116.07738,2018-11-11 06:40:00,"A","0-2569760",NA,TRUE,0.186495703587501,"CCES_021","BCN",338.589149042489,724
3598223338,29.8174,-116.07805,2018-11-11 07:11:00,"A","0-2569760",NA,TRUE,0.185039845611962,"CCES_021","BCN",335.080775843902,724
3598223348,29.81862,-116.0787,2018-11-11 07:40:00,"A","0-2569760",NA,TRUE,0.16625911387939,"CCES_021","BCN",338.575133350748,724
3598223362,29.82002,-116.07933,2018-11-11 08:11:00,"A","0-2569760",NA,TRUE,0.173879684246186,"CCES_021","BCN",342.702289535891,724
3598223372,29.82142,-116.07983,2018-11-11 08:39:00,"A","0-2569760",NA,TRUE,0.187695665690844,"CCES_021","BCN",351.252151437966,724
3598223384,29.82312,-116.08013,2018-11-11 09:09:00,"A","0-2569760",NA,TRUE,0.205491305865294,"CCES_021","BCN",NA,724
